method,n_seeds,return,return_sd,return_lo,return_hi,on_time_rate,on_time_rate_sd,on_time_rate_lo,on_time_rate_hi,weighted_on_time,weighted_on_time_sd,weighted_on_time_lo,weighted_on_time_hi,completion_rate,completion_rate_sd,completion_rate_lo,completion_rate_hi,mean_attention,mean_attention_sd,mean_attention_lo,mean_attention_hi,mean_fatigue,mean_fatigue_sd,mean_fatigue_lo,mean_fatigue_hi,high_fatigue_frac,high_fatigue_frac_sd,high_fatigue_frac_lo,high_fatigue_frac_hi,break_frac,break_frac_sd,break_frac_lo,break_frac_hi,effort,effort_sd,effort_lo,effort_hi
Random,0,8.848458849017314,2.7084425241292953,8.613785078569304,9.079280221186378,0.535,0.13135430083991437,0.5233333333333333,0.5463333333333332,0.48786252443829725,0.14281322101144867,0.47565097842638676,0.5009077662735782,0.6783333333333333,0.08541162594898927,0.671,0.686,0.8552126035206664,0.03733137139435855,0.8519639903626295,0.8584211890924774,0.20677350468264258,0.04509516921471647,0.202771135048661,0.21075707696226004,0.0,0.0,0.0,0.0,0.32595833333333335,0.06515288007198501,0.32025,0.331875,21.495595402020204,1.5753637693455989,21.357505442650957,21.631207011129845
FIFO,0,3.4874740233411003,3.4868389030068903,3.1796987886034866,3.7984969011842007,0.432,0.13933710797672902,0.4195,0.44416666666666665,0.4220654294246859,0.1246747073804648,0.4117225518876767,0.4334601256779793,0.4851666666666667,0.15259382460036805,0.4721666666666666,0.499,0.4627329638357978,0.10621290051758238,0.45341373628011516,0.4718827926062546,0.5463612597899922,0.04513228990009799,0.5422803569385564,0.5502736327916375,0.312875,0.10487334605334594,0.303665625,0.321875,0.0002083333333333332,0.003356165541018779,0.0,0.0005416666666666664,15.584168455311989,3.4346834186855033,15.277459622320919,15.89172679911478
EDF,0,4.236784870564859,3.8158092737626244,3.9188436811428207,4.575778901251529,0.4683333333333334,0.1546161234301989,0.4551666666666666,0.4821666666666667,0.45447746778975534,0.13678792352348637,0.4425377631161526,0.46677774155791674,0.4915,0.15380382566481832,0.4775,0.5048374999999999,0.46490307339438774,0.10534181805621727,0.4554098904105488,0.47411832594411335,0.544706340454894,0.045703226207819955,0.5407332456253131,0.5485945512030559,0.30433333333333323,0.11092068546305443,0.29470833333333335,0.31416666666666665,0.000125,0.002795084971874737,0.0,0.000375,15.688393751477376,3.4332577604789276,15.3886653847501,15.983415722591513
SPT,0,7.948514750744632,2.9389624096267286,7.685469773306891,8.207603169020533,0.6255,0.11989880595552795,0.615,0.6361666666666668,0.49429713904627687,0.12150557842039152,0.48359005304081343,0.5046509944336184,0.6613333333333332,0.11890635764424409,0.651,0.6719999999999999,0.5434781325341188,0.09257473662694599,0.5353112162815025,0.5513977695539368,0.47709994845386733,0.0380019249140989,0.473793084834648,0.48053255086664864,0.17274999999999996,0.08118348295496003,0.16562395833333327,0.17979166666666663,4.1666666666666604e-05,0.0009316949906249109,0.0,0.0001249999999999998,18.72770695153187,2.7766347518957355,18.478217863766986,18.966286947868234
EDF-Periodic,0,11.414900412531189,3.3164293223713557,11.129973363897681,11.70378522611807,0.6605,0.15994555895781326,0.6461666666666668,0.6743374999999999,0.6566243165942071,0.1482507079249656,0.6433247140758129,0.6694091250486732,0.7408333333333333,0.09791795469526214,0.7323333333333333,0.7491666666666668,0.7976041294026422,0.03956649386640339,0.7941609837683052,0.8011302493923463,0.2964361237789078,0.028777842980660953,0.29399469536542006,0.2988426784800418,0.0,0.0,0.0,0.0,0.18775,0.004748899719043086,0.1875,0.18825,23.22498074566032,1.4194049032513503,23.105102380283387,23.351214218609016
EDF-Threshold,0,11.348638613410406,3.2764586415038144,11.071571885322335,11.634601537721965,0.6538333333333333,0.16385155951653585,0.6393333333333334,0.6678333333333333,0.6502299069738655,0.15463433536115867,0.6368109835490101,0.6633521584669279,0.7416666666666667,0.0962009373749276,0.7331666666666666,0.75,0.8062606585321824,0.022094334633157603,0.8043389979586697,0.8081547832640172,0.2878204022518448,0.034191670923675796,0.2848177992698126,0.2907130868165649,0.0,0.0,0.0,0.0,0.20133333333333328,0.03736979175758602,0.198,0.20462499999999995,23.329857979673594,1.396517212698597,23.210208306600368,23.45578265826833
SPT-Periodic,0,12.249308545756147,2.036906113088037,12.067858818810373,12.42628401682931,0.7091666666666667,0.09590754728572637,0.7011666666666666,0.7173333333333333,0.59136487729868,0.11062061905075331,0.5815110989636675,0.6011526864915956,0.8168333333333334,0.07169943790972787,0.8105,0.8233333333333333,0.8170173558551141,0.034488763695872074,0.8141057489211777,0.8199786859986203,0.2607051905614221,0.022994852109489018,0.25867889880293454,0.2627698356550843,0.0,0.0,0.0,0.0,0.18775,0.004748899719043086,0.1875,0.18820833333333334,24.14619581806261,1.1337204836399775,24.048049462891605,24.242307519263264
SPT-Threshold,0,12.30472443252327,2.02648552233117,12.123216688811345,12.483201734250933,0.7141666666666666,0.09859780112206126,0.7055,0.7226666666666667,0.5973573233636871,0.11395969917214366,0.5873678607945946,0.6072076631565291,0.8165,0.0757760635120388,0.8098333333333334,0.823,0.8127105040275541,0.021540178388012643,0.8108020853783325,0.814611651471283,0.2682489884006595,0.03551086498258809,0.2651961925291005,0.271341185630795,0.0,0.0,0.0,0.0,0.1872083333333333,0.035105761375325,0.18416562499999994,0.19037499999999993,24.155099946942826,1.2324538931170483,24.048335886938233,24.26087913910174
Cog-Heuristic,0,10.593543547412711,2.7562158871694407,10.350994102887512,10.835588964398104,0.6385,0.13199256994803693,0.6271666666666668,0.65,0.5325064804730162,0.14994709995130118,0.5198138718710446,0.5460329753520293,0.7796666666666667,0.08075779479789563,0.7726624999999999,0.7865,0.8029921581402939,0.0337186572388766,0.800122952435775,0.8059600186717785,0.2792552444343401,0.01977729563943417,0.2775052464372276,0.28099199340548925,0.0,0.0,0.0,0.0,0.19766666666666663,0.025386129634552633,0.19541562499999995,0.19987499999999994,23.502687628380517,1.265365558207207,23.393140253115707,23.613529507435256
DQN,10,10.286802054089364,0.25795381375947324,10.141004238545605,10.437262498116509,0.6767000000000001,0.00839855954727571,0.6718,0.68163375,0.5788944628602566,0.012416052566153902,0.5715798968605788,0.5860963259278702,0.7296333333333334,0.01488013839043574,0.7212,0.7384345833333332,0.677305646226235,0.017355214126719462,0.6677349728314957,0.6879866501279659,0.3944234120786715,0.0183006023478741,0.38333545005645586,0.40453317514940657,0.003779166666666667,0.0022756638225654804,0.0025373958333333333,0.0052375,0.10842083333333333,0.01984636641884011,0.09643229166666668,0.11972520833333333,21.25140153597474,0.3426695901089895,21.046014304777472,21.44952642897505
AA-DQN,10,12.170284522915885,0.15007073648295197,12.079433368794717,12.254461730179361,0.7278833333333333,0.004868042677110889,0.7248500000000001,0.73055,0.6548223672937967,0.011741025835436434,0.648187611146132,0.6620033382635794,0.77095,0.005536662318548019,0.7673995833333335,0.7738166666666666,0.7536494703593191,0.011239869709318189,0.7472858206370431,0.7603541482746452,0.33330430177984227,0.012226540128131697,0.32588532075217985,0.3398244954061079,0.00034166666666666666,0.00030289243496742175,0.00017916666666666667,0.0005333333333333334,0.14958749999999998,0.018019124035827012,0.13968729166666669,0.160925,22.874865282153564,0.3205002158739229,22.68730932965012,23.067231555489457
