condition,method,ret,ret_sd,on,fat
noise0.0,AA-DQN,12.110433646853895,0.23968768219927344,0.72505,0.3311636446514329
noise0.0,Cog-Heuristic,9.824619295446182,,0.6236666666666666,0.3280582642150625
noise0.0,DQN,10.089654902777912,0.2785773523069111,0.6687,0.4072534622917776
noise0.0,EDF,4.236784870564859,,0.4683333333333333,0.544706340454894
noise0.0,EDF-Periodic,11.41490041253119,,0.6605,0.2964361237789078
noise0.0,EDF-Threshold,10.99613397477682,,0.6546666666666666,0.33766265191414024
noise0.0,FIFO,3.487474023341101,,0.432,0.5463612597899922
noise0.0,SPT,7.948514750744632,,0.6255,0.47709994845386733
noise0.05,AA-DQN,12.143955991735442,0.2575312050207801,0.7259,0.32983082683640774
noise0.05,Cog-Heuristic,10.156877793868903,,0.6313333333333334,0.30976245289344706
noise0.05,DQN,10.316002706115949,0.2921063494988165,0.6757833333333333,0.40122744018957457
noise0.05,EDF,4.236784870564859,,0.4683333333333333,0.544706340454894
noise0.05,EDF-Periodic,11.41490041253119,,0.6605,0.2964361237789078
noise0.05,EDF-Threshold,11.220150503006705,,0.6578333333333334,0.31670361943509473
noise0.05,FIFO,3.487474023341101,,0.432,0.5463612597899922
noise0.05,SPT,7.948514750744632,,0.6255,0.47709994845386733
noise0.1,AA-DQN,12.185057958607306,0.27145814160965365,0.7264333333333333,0.32613345197957677
noise0.1,Cog-Heuristic,10.593543547412713,,0.6385,0.2792552444343401
noise0.1,DQN,10.65522514633579,0.3278597573590868,0.6856666666666666,0.39057132330659866
noise0.1,EDF,4.236784870564859,,0.4683333333333333,0.544706340454894
noise0.1,EDF-Periodic,11.41490041253119,,0.6605,0.2964361237789078
noise0.1,EDF-Threshold,11.348638613410406,,0.6538333333333334,0.2878204022518448
noise0.1,FIFO,3.487474023341101,,0.432,0.5463612597899922
noise0.1,SPT,7.948514750744632,,0.6255,0.47709994845386733
noise0.2,AA-DQN,12.320990196427763,0.2787370366613891,0.7277333333333333,0.31281227026004066
noise0.2,Cog-Heuristic,10.005262508724627,,0.5873333333333334,0.22123531718087786
noise0.2,DQN,11.223082656616993,0.32599350692587054,0.7008666666666666,0.3670809681516253
noise0.2,EDF,4.236784870564859,,0.4683333333333333,0.544706340454894
noise0.2,EDF-Periodic,11.41490041253119,,0.6605,0.2964361237789078
noise0.2,EDF-Threshold,10.766654118956396,,0.6148333333333333,0.2339728050448049
noise0.2,FIFO,3.487474023341101,,0.432,0.5463612597899922
noise0.2,SPT,7.948514750744632,,0.6255,0.47709994845386733
noise0.3,AA-DQN,12.403822242182567,0.24023589317768407,0.7253666666666667,0.2921587010915966
noise0.3,Cog-Heuristic,8.041868607072834,,0.4821666666666667,0.17885325167176405
noise0.3,DQN,11.657146651312491,0.35227510608193524,0.7110333333333333,0.34531583011058553
noise0.3,EDF,4.236784870564859,,0.4683333333333333,0.544706340454894
noise0.3,EDF-Periodic,11.41490041253119,,0.6605,0.2964361237789078
noise0.3,EDF-Threshold,9.629578140329112,,0.5566666666666666,0.19088872994858014
noise0.3,FIFO,3.487474023341101,,0.432,0.5463612597899922
noise0.3,SPT,7.948514750744632,,0.6255,0.47709994845386733
profile_fatigue_prone,AA-DQN,10.095399013550143,0.2879250237632089,0.6553,0.35667572197213254
profile_fatigue_prone,Cog-Heuristic,8.720256757220895,,0.5793333333333334,0.30787433588616897
profile_fatigue_prone,DQN,8.72104987237005,0.4017440784204855,0.62025,0.42328437875564295
profile_fatigue_prone,EDF,1.4280348788633994,,0.3816666666666667,0.619084007520054
profile_fatigue_prone,EDF-Periodic,7.455649607092377,,0.5288333333333334,0.3955231688090179
profile_fatigue_prone,EDF-Threshold,7.9108894827604015,,0.5211666666666667,0.32527257980929364
profile_fatigue_prone,FIFO,1.0475629108536972,,0.3636666666666667,0.6210867203725335
profile_fatigue_prone,SPT,5.618595522692067,,0.5568333333333334,0.5419483180994187
profile_resilient,AA-DQN,14.35097003520497,0.2972079385304682,0.7985,0.29010316082172477
profile_resilient,Cog-Heuristic,13.017988992504797,,0.721,0.2449051828055933
profile_resilient,DQN,12.736401523346078,0.2817769571040136,0.7533666666666667,0.347098250117175
profile_resilient,EDF,8.044815375077036,,0.5846666666666667,0.44638880311874535
profile_resilient,EDF-Periodic,15.006702503253708,,0.7821666666666667,0.19951597312392239
profile_resilient,EDF-Threshold,14.88893707018348,,0.7891666666666667,0.24299501070824225
profile_resilient,FIFO,6.9281622962417595,,0.53,0.44761233517355375
profile_resilient,SPT,10.540934150455376,,0.696,0.39398244947297406
tasks16,AA-DQN,8.998258366776879,1.45230761096382,0.504675,0.17244406208910562
tasks16,Cog-Heuristic,9.296906716251547,,0.509375,0.2751492533404067
tasks16,DQN,9.087342894776357,0.527926010835245,0.5183,0.24073233194977775
tasks16,EDF,1.6957830195349013,,0.33125,0.5448103312628764
tasks16,EDF-Periodic,7.319670321976598,,0.4175,0.2961269609011646
tasks16,EDF-Threshold,7.019636218229553,,0.4045,0.28795318357762467
tasks16,FIFO,1.2454178491699521,,0.314,0.5458799645574046
tasks16,SPT,8.006246357860919,,0.535875,0.44380281120092213
tasks8,AA-DQN,11.853910590309798,0.5262458042676328,0.9311999999999999,0.3322317373461403
tasks8,Cog-Heuristic,12.510831915605364,,0.9345,0.25350110021310834
tasks8,DQN,8.941194680595478,0.737883299359644,0.8157500000000001,0.4403123178414482
tasks8,EDF,6.8412997535521125,,0.72325,0.5014209111757808
tasks8,EDF-Periodic,13.060779189892829,,0.973,0.26104430468646206
tasks8,EDF-Threshold,13.1191224243721,,0.97375,0.2564840727291601
tasks8,FIFO,6.572951999601369,,0.70175,0.4999119665735791
tasks8,SPT,7.584549734367065,,0.76875,0.47781630446411283
